{
  "trafilatura": {
    "Short (1000-3000 chars)": {
      "count": 360,
      "avg_f1": 0.6353049777078108
    },
    "Medium (3000-10000 chars)": {
      "count": 895,
      "avg_f1": 0.8164483122597893
    },
    "Long (10000+ chars)": {
      "count": 349,
      "avg_f1": 0.893089576121925
    },
    "Very Short (0-1000 chars)": {
      "count": 92,
      "avg_f1": 0.46718008422767027
    }
  }
}